iter	Logloss
0	0.6689224924
1	0.6471765899
2	0.6280114892
3	0.6117128369
4	0.5964817178
5	0.5827788283
6	0.5705063802
7	0.5596503307
8	0.5496913273
9	0.5411279368
